Rk,Wk,Date,Day,Winner/Tie,Pts,,Loser/Tie,Pts,Notes
1,1,Aug 28 1999,Sat,(1) Florida State,41,,Louisiana Tech,7,
2,1,Aug 28 1999,Sat,North Carolina State,23,@,(17) Texas,20,BCA Classic (Austin TX)
3,1,Aug 28 1999,Sat,(18) Notre Dame,48,,Kansas,13,Eddie Robinson Classic (South Bend IN)
4,1,Aug 28 1999,Sat,(3) Penn State,41,,(4) Arizona,7,Pigskin Classic (State College PA)
5,1,Aug 29 1999,Sun,(12) Miami (FL),23,,(9) Ohio State,12,Kick-off Classic (East Rutherford NJ)
Rk,Wk,Date,Day,Winner/Tie,Pts,,Loser/Tie,Pts,Notes
6,2,Sep 2 1999,Thu,Central Michigan,33,,Eastern Illinois,17,
7,2,Sep 2 1999,Thu,Idaho,48,,Eastern Washington,21,Spokane WA
8,2,Sep 2 1999,Thu,Iowa State,33,,Indiana State,7,
9,2,Sep 2 1999,Thu,Maryland,6,@,Temple,0,
10,2,Sep 2 1999,Thu,Michigan State,27,,Oregon,20,
11,2,Sep 2 1999,Thu,Nevada-Las Vegas,26,@,North Texas,3,
12,2,Sep 2 1999,Thu,New Mexico State,73,,New Mexico Highlands,7,
13,2,Sep 2 1999,Thu,Syracuse,35,@,Toledo,12,
14,2,Sep 2 1999,Thu,Western Illinois,27,@,Northern Illinois,21,
15,2,Sep 4 1999,Sat,Air Force,37,,Villanova,13,
16,2,Sep 4 1999,Sat,(20) Alabama,28,@,Vanderbilt,17,
17,2,Sep 4 1999,Sat,(18) Arkansas,26,@,Southern Methodist,0,
18,2,Sep 4 1999,Sat,Auburn,22,,Appalachian State,15,
19,2,Sep 4 1999,Sat,Boston College,30,,Baylor,29,
20,2,Sep 4 1999,Sat,California,21,,Rutgers,7,
21,2,Sep 4 1999,Sat,Cincinnati,41,,Kent State,3,
22,2,Sep 4 1999,Sat,Colorado State,41,,(14) Colorado,14,Denver CO
23,2,Sep 4 1999,Sat,East Carolina,30,,West Virginia,23,Charlotte NC
24,2,Sep 4 1999,Sat,(4) Florida,55,,Western Michigan,26,
25,2,Sep 4 1999,Sat,Fresno State,34,,Portland State,6,
26,2,Sep 4 1999,Sat,(12) Georgia,38,,Utah State,7,
27,2,Sep 4 1999,Sat,(10) Georgia Tech,49,@,Navy,14,
28,2,Sep 4 1999,Sat,Houston,28,,Rice,3,
29,2,Sep 4 1999,Sat,Illinois,41,,Arkansas State,3,
30,2,Sep 4 1999,Sat,Indiana,21,,Ball State,9,
31,2,Sep 4 1999,Sat,Louisiana State,29,,San Jose State,21,
32,2,Sep 4 1999,Sat,Louisiana-Monroe,27,,Nicholls State,10,
33,2,Sep 4 1999,Sat,Louisville,56,@,Kentucky,28,
34,2,Sep 4 1999,Sat,Marshall,13,@,Clemson,10,
35,2,Sep 4 1999,Sat,(8) Miami (FL),57,,Florida A&M,3,
36,2,Sep 4 1999,Sat,Miami (OH),28,@,Northwestern,3,
37,2,Sep 4 1999,Sat,(7) Michigan,26,,(16) Notre Dame,22,
38,2,Sep 4 1999,Sat,Minnesota,33,,Ohio,7,
39,2,Sep 4 1999,Sat,Mississippi,3,@,Memphis,0,
40,2,Sep 4 1999,Sat,Mississippi State,40,,Middle Tennessee State,7,
41,2,Sep 4 1999,Sat,Missouri,31,,Alabama-Birmingham,28,
42,2,Sep 4 1999,Sat,(5) Nebraska,42,@,Iowa,7,
43,2,Sep 4 1999,Sat,(24) North Carolina State,10,,South Carolina,0,
44,2,Sep 4 1999,Sat,Oklahoma State,24,,Louisiana-Lafayette,7,
45,2,Sep 4 1999,Sat,Oregon State,28,@,Nevada,13,
46,2,Sep 4 1999,Sat,(2) Penn State,70,,Akron,24,
47,2,Sep 4 1999,Sat,Pittsburgh,30,,Bowling Green State,10,
48,2,Sep 4 1999,Sat,(22) Purdue,47,@,Central Florida,13,
49,2,Sep 4 1999,Sat,San Diego State,41,,South Florida,12,
50,2,Sep 4 1999,Sat,(21) Southern California,62,@,Hawaii,7,
51,2,Sep 4 1999,Sat,(3) Tennessee,42,,Wyoming,17,
52,2,Sep 4 1999,Sat,Texas,69,,Stanford,17,
53,2,Sep 4 1999,Sat,(6) Texas A&M,37,@,Louisiana Tech,17,
54,2,Sep 4 1999,Sat,Texas-El Paso,13,,New Mexico,10,
55,2,Sep 4 1999,Sat,Tulsa,45,,Missouri State,21,
56,2,Sep 4 1999,Sat,(17) UCLA,38,,Boise State,7,
57,2,Sep 4 1999,Sat,Utah,27,@,Washington State,7,
58,2,Sep 4 1999,Sat,(23) Virginia,20,@,North Carolina,17,
59,2,Sep 4 1999,Sat,(11) Virginia Tech,47,,James Madison,0,
60,2,Sep 4 1999,Sat,(9) Wisconsin,49,,Murray State,10,
61,2,Sep 5 1999,Sun,(15) Arizona,35,@,Texas Christian,31,
62,2,Sep 6 1999,Mon,(25) Arizona State,31,,Texas Tech,13,
63,2,Sep 6 1999,Mon,Southern Mississippi,48,,Tulane,14,
Rk,Wk,Date,Day,Winner/Tie,Pts,,Loser/Tie,Pts,Notes
64,3,Sep 9 1999,Thu,Brigham Young,35,,Washington,28,
65,3,Sep 11 1999,Sat,Akron,17,@,Buffalo,10,
66,3,Sep 11 1999,Sat,(21) Alabama,37,,Houston,10,Birmingham AL
67,3,Sep 11 1999,Sat,(19) Arizona,34,,Middle Tennessee State,19,
68,3,Sep 11 1999,Sat,Auburn,30,,Idaho,23,
69,3,Sep 11 1999,Sat,Boise State,35,,Southern Utah,27,
70,3,Sep 11 1999,Sat,Bowling Green State,40,,Tennessee Tech,15,
71,3,Sep 11 1999,Sat,Clemson,33,,(22) Virginia,14,
72,3,Sep 11 1999,Sat,Colorado,63,,San Jose State,35,
73,3,Sep 11 1999,Sat,(24) Colorado State,38,,Nevada,33,
74,3,Sep 11 1999,Sat,East Carolina,27,,Duke,9,
75,3,Sep 11 1999,Sat,(4) Florida,58,,Central Florida,27,
76,3,Sep 11 1999,Sat,(1) Florida State,41,,(10) Georgia Tech,35,
77,3,Sep 11 1999,Sat,(12) Georgia,24,,South Carolina,9,
78,3,Sep 11 1999,Sat,Hawaii,31,,Eastern Illinois,27,
79,3,Sep 11 1999,Sat,Illinois,38,,San Diego State,10,
80,3,Sep 11 1999,Sat,Iowa State,17,,Iowa,10,
81,3,Sep 11 1999,Sat,Kansas,71,,Cal State Northridge,14,
82,3,Sep 11 1999,Sat,(17) Kansas State,40,,Temple,0,
83,3,Sep 11 1999,Sat,Kentucky,45,,Connecticut,14,
84,3,Sep 11 1999,Sat,Louisiana State,52,,North Texas,0,
85,3,Sep 11 1999,Sat,Louisiana Tech,55,,Sam Houston State,17,
86,3,Sep 11 1999,Sat,Louisville,58,,Chattanooga,30,
87,3,Sep 11 1999,Sat,Marshall,63,,Liberty,3,
88,3,Sep 11 1999,Sat,Maryland,51,,Western Carolina,10,
89,3,Sep 11 1999,Sat,(6) Michigan,37,,Rice,3,
90,3,Sep 11 1999,Sat,Michigan State,51,,Eastern Michigan,7,
91,3,Sep 11 1999,Sat,Minnesota,35,,Louisiana-Monroe,0,
92,3,Sep 11 1999,Sat,Mississippi,38,,Arkansas State,14,
93,3,Sep 11 1999,Sat,Mississippi State,13,,Memphis,10,
94,3,Sep 11 1999,Sat,Navy,48,@,Kent State,28,
95,3,Sep 11 1999,Sat,(5) Nebraska,45,,California,0,
96,3,Sep 11 1999,Sat,Nevada-Las Vegas,27,@,Baylor,24,
97,3,Sep 11 1999,Sat,New Mexico State,35,@,New Mexico,28,
98,3,Sep 11 1999,Sat,North Carolina,42,@,Indiana,30,
99,3,Sep 11 1999,Sat,(23) North Carolina State,38,,William & Mary,9,
100,3,Sep 11 1999,Sat,Northern Iowa,36,@,Ohio,21,
101,3,Sep 11 1999,Sat,Northwestern,17,,Texas Christian,7,
102,3,Sep 11 1999,Sat,(13) Ohio State,42,,(14) UCLA,20,
103,3,Sep 11 1999,Sat,Oklahoma,49,,Indiana State,0,
104,3,Sep 11 1999,Sat,Oklahoma State,46,,Tulsa,9,
105,3,Sep 11 1999,Sat,Oregon,47,,Texas-El Paso,28,
106,3,Sep 11 1999,Sat,Oregon State,46,,Fresno State,23,
107,3,Sep 11 1999,Sat,(2) Penn State,20,,Pittsburgh,17,
108,3,Sep 11 1999,Sat,(20) Purdue,28,,(16) Notre Dame,23,
109,3,Sep 11 1999,Sat,Southern Mississippi,40,,Northwestern State,6,
110,3,Sep 11 1999,Sat,Stanford,54,,Washington State,17,
111,3,Sep 11 1999,Sat,Syracuse,47,,Central Michigan,7,
112,3,Sep 11 1999,Sat,Texas,38,@,Rutgers,21,
113,3,Sep 11 1999,Sat,Texas Tech,38,@,Louisiana-Lafayette,17,
114,3,Sep 11 1999,Sat,Troy,31,@,Cincinnati,24,
115,3,Sep 11 1999,Sat,Tulane,53,,Southern Methodist,19,
116,3,Sep 11 1999,Sat,Utah State,51,,Stephen F. Austin,17,
117,3,Sep 11 1999,Sat,Vanderbilt,34,,Northern Illinois,31,
118,3,Sep 11 1999,Sat,(11) Virginia Tech,31,,Alabama-Birmingham,10,
119,3,Sep 11 1999,Sat,Wake Forest,34,@,Army,15,
120,3,Sep 11 1999,Sat,West Virginia,43,,Miami (OH),27,
121,3,Sep 11 1999,Sat,Western Michigan,46,,Youngstown State,28,
122,3,Sep 11 1999,Sat,(9) Wisconsin,50,,Ball State,10,
123,3,Sep 11 1999,Sat,Wyoming,41,,Weber State,16,
Rk,Wk,Date,Day,Winner/Tie,Pts,,Loser/Tie,Pts,Notes
124,4,Sep 16 1999,Thu,(25) Brigham Young,34,,(23) Colorado State,13,
125,4,Sep 18 1999,Sat,Air Force,31,@,Washington,21,
126,4,Sep 18 1999,Sat,Akron,25,,Temple,15,
127,4,Sep 18 1999,Sat,(15) Arkansas,44,,Louisiana-Monroe,6,Little Rock AR
128,4,Sep 18 1999,Sat,Auburn,41,@,Louisiana State,7,
129,4,Sep 18 1999,Sat,Boston College,14,@,Navy,10,
130,4,Sep 18 1999,Sat,Cincinnati,17,,(9) Wisconsin,12,
131,4,Sep 18 1999,Sat,Colorado,51,,Kansas,17,
132,4,Sep 18 1999,Sat,Connecticut,23,,Buffalo,0,
133,4,Sep 18 1999,Sat,East Carolina,21,@,South Carolina,3,
134,4,Sep 18 1999,Sat,(4) Florida,23,,(2) Tennessee,21,
135,4,Sep 18 1999,Sat,(1) Florida State,42,,(20) North Carolina State,11,
136,4,Sep 18 1999,Sat,(12) Georgia Tech,41,,Central Florida,10,
137,4,Sep 18 1999,Sat,Hawaii,34,,Boise State,19,
138,4,Sep 18 1999,Sat,Houston,45,,Louisiana-Lafayette,0,
139,4,Sep 18 1999,Sat,Idaho,28,,Washington State,17,Pullman WA
140,4,Sep 18 1999,Sat,Illinois,41,@,Louisville,36,
141,4,Sep 18 1999,Sat,Iowa,24,,Northern Illinois,0,
142,4,Sep 18 1999,Sat,Iowa State,24,@,Nevada-Las Vegas,0,
143,4,Sep 18 1999,Sat,(16) Kansas State,40,,Texas-El Paso,7,
144,4,Sep 18 1999,Sat,Kentucky,44,@,Indiana,35,
145,4,Sep 18 1999,Sat,Louisiana Tech,29,@,(18) Alabama,28,Birmingham AL
146,4,Sep 18 1999,Sat,Marshall,35,,Bowling Green State,16,
147,4,Sep 18 1999,Sat,Maryland,33,,West Virginia,0,
148,4,Sep 18 1999,Sat,Memphis,31,,Arkansas State,26,
149,4,Sep 18 1999,Sat,Miami (OH),35,,Eastern Michigan,14,
150,4,Sep 18 1999,Sat,(6) Michigan,18,@,Syracuse,13,
151,4,Sep 18 1999,Sat,Michigan State,23,@,(24) Notre Dame,13,
152,4,Sep 18 1999,Sat,Middle Tennessee State,52,,Wofford,42,
153,4,Sep 18 1999,Sat,Minnesota,55,,Illinois State,7,
154,4,Sep 18 1999,Sat,Mississippi State,29,,Oklahoma State,11,
155,4,Sep 18 1999,Sat,Missouri,48,,Western Michigan,34,
156,4,Sep 18 1999,Sat,(4) Nebraska,20,,Southern Mississippi,13,
157,4,Sep 18 1999,Sat,New Mexico,45,,Northern Arizona,14,
158,4,Sep 18 1999,Sat,New Mexico State,35,@,(22) Arizona State,7,
159,4,Sep 18 1999,Sat,North Texas,21,@,Texas Tech,14,
160,4,Sep 18 1999,Sat,Northwestern,15,@,Duke,12,
161,4,Sep 18 1999,Sat,(13) Ohio State,40,,Ohio,16,
162,4,Sep 18 1999,Sat,Oklahoma,41,,Baylor,10,
163,4,Sep 18 1999,Sat,Oregon,72,,Nevada,10,
164,4,Sep 18 1999,Sat,Oregon State,48,,Georgia Southern,41,
165,4,Sep 18 1999,Sat,(3) Penn State,27,@,(8) Miami (FL),23,
166,4,Sep 18 1999,Sat,Pittsburgh,30,,Kent State,23,
167,4,Sep 18 1999,Sat,(14) Purdue,58,,Central Michigan,16,
168,4,Sep 18 1999,Sat,San Jose State,38,,Saint Mary's (CA),3,
169,4,Sep 18 1999,Sat,(17) Southern California,24,,San Diego State,21,
170,4,Sep 18 1999,Sat,Stanford,50,@,(19) Arizona,22,
171,4,Sep 18 1999,Sat,Texas,18,,Rice,13,
172,4,Sep 18 1999,Sat,(7) Texas A&M,62,,Tulsa,13,
173,4,Sep 18 1999,Sat,Toledo,23,@,Ball State,10,
174,4,Sep 18 1999,Sat,Tulane,48,,Army,28,
175,4,Sep 18 1999,Sat,(21) UCLA,35,,Fresno State,21,
176,4,Sep 18 1999,Sat,Utah,38,,Utah State,18,
177,4,Sep 18 1999,Sat,Vanderbilt,37,@,Mississippi,34,
178,4,Sep 18 1999,Sat,Virginia,35,,Wake Forest,7,
Rk,Wk,Date,Day,Winner/Tie,Pts,,Loser/Tie,Pts,Notes
179,5,Sep 23 1999,Thu,(8) Virginia Tech,31,,Clemson,11,
180,5,Sep 25 1999,Sat,Alabama,35,,(14) Arkansas,28,
181,5,Sep 25 1999,Sat,Alabama-Birmingham,29,,Houston,10,
182,5,Sep 25 1999,Sat,Arizona,30,@,Washington State,24,
183,5,Sep 25 1999,Sat,Army,41,,Ball State,21,
184,5,Sep 25 1999,Sat,Boise State,20,,New Mexico,9,
185,5,Sep 25 1999,Sat,Boston College,27,@,Rutgers,7,
186,5,Sep 25 1999,Sat,California,24,,Arizona State,23,
187,5,Sep 25 1999,Sat,East Carolina,27,,(9) Miami (FL),23,Raleigh NC
188,5,Sep 25 1999,Sat,Eastern Michigan,38,,Akron,17,
189,5,Sep 25 1999,Sat,(3) Florida,38,@,Kentucky,10,
190,5,Sep 25 1999,Sat,(1) Florida State,42,@,North Carolina,10,
191,5,Sep 25 1999,Sat,Fresno State,49,@,Nevada,24,
192,5,Sep 25 1999,Sat,(11) Georgia,24,,Central Florida,23,
193,5,Sep 25 1999,Sat,Hawaii,20,@,Southern Methodist,0,
194,5,Sep 25 1999,Sat,(15) Kansas State,35,@,Iowa State,28,
195,5,Sep 25 1999,Sat,Kent State,41,,Bowling Green State,27,
196,5,Sep 25 1999,Sat,Louisiana-Lafayette,45,,Middle Tennessee State,31,
197,5,Sep 25 1999,Sat,Louisiana-Monroe,38,,Northwestern State,7,
198,5,Sep 25 1999,Sat,(21) Marshall,34,,Temple,0,
199,5,Sep 25 1999,Sat,Miami (OH),24,@,Central Michigan,16,
200,5,Sep 25 1999,Sat,(4) Michigan,21,@,(20) Wisconsin,16,
201,5,Sep 25 1999,Sat,(19) Michigan State,27,@,Illinois,10,
202,5,Sep 25 1999,Sat,Mississippi,24,@,Auburn,17,
203,5,Sep 25 1999,Sat,(23) Mississippi State,17,,South Carolina,0,
204,5,Sep 25 1999,Sat,(6) Nebraska,40,@,Missouri,10,
205,5,Sep 25 1999,Sat,Ohio,45,,Buffalo,6,
206,5,Sep 25 1999,Sat,(12) Ohio State,34,,Cincinnati,20,
207,5,Sep 25 1999,Sat,Oklahoma,42,@,Louisville,21,
208,5,Sep 25 1999,Sat,Oregon,33,,(16) Southern California,30,
209,5,Sep 25 1999,Sat,(2) Penn State,45,,Indiana,24,
210,5,Sep 25 1999,Sat,(13) Purdue,31,,Northwestern,23,
211,5,Sep 25 1999,Sat,Rice,20,,Navy,17,
212,5,Sep 25 1999,Sat,San Diego State,41,@,Kansas,13,
213,5,Sep 25 1999,Sat,San Jose State,34,,Tulsa,10,
214,5,Sep 25 1999,Sat,Stanford,42,,(18) UCLA,32,
215,5,Sep 25 1999,Sat,Syracuse,30,,West Virginia,7,
216,5,Sep 25 1999,Sat,(7) Tennessee,17,,Memphis,16,
217,5,Sep 25 1999,Sat,(22) Texas,62,@,Baylor,0,
218,5,Sep 25 1999,Sat,(5) Texas A&M,23,,Southern Mississippi,6,
219,5,Sep 25 1999,Sat,Texas Christian,24,@,Arkansas State,21,
220,5,Sep 25 1999,Sat,Texas-El Paso,54,,New Mexico State,23,
221,5,Sep 25 1999,Sat,Toledo,24,,Massachusetts,3,
222,5,Sep 25 1999,Sat,Utah,52,@,Nevada-Las Vegas,14,
223,5,Sep 25 1999,Sat,Vanderbilt,31,@,Duke,14,
224,5,Sep 25 1999,Sat,Virginia,45,@,(17) Brigham Young,40,
225,5,Sep 25 1999,Sat,Wake Forest,31,,(25) North Carolina State,7,
226,5,Sep 25 1999,Sat,Washington,31,,Colorado,24,
227,5,Sep 25 1999,Sat,Western Michigan,24,@,Northern Illinois,21,
228,5,Sep 25 1999,Sat,Wyoming,10,@,(24) Air Force,7,
Rk,Wk,Date,Day,Winner/Tie,Pts,,Loser/Tie,Pts,Notes
229,6,Sep 30 1999,Thu,(9) Georgia Tech,49,,Maryland,31,
230,6,Oct 1 1999,Fri,Brigham Young,34,@,Utah State,31,
231,6,Oct 2 1999,Sat,Air Force,23,@,San Diego State,22,
232,6,Oct 2 1999,Sat,Akron,31,@,Ball State,9,
233,6,Oct 2 1999,Sat,(21) Alabama,40,@,(3) Florida,39,
234,6,Oct 2 1999,Sat,Alabama-Birmingham,47,,Louisiana-Monroe,0,
235,6,Oct 2 1999,Sat,Arizona State,28,,UCLA,27,
236,6,Oct 2 1999,Sat,Arkansas State,45,,Sam Houston State,20,
237,6,Oct 2 1999,Sat,Baylor,23,,North Texas,10,
238,6,Oct 2 1999,Sat,Boise State,26,,Utah,20,
239,6,Oct 2 1999,Sat,Boston College,33,,Northeastern,22,
240,6,Oct 2 1999,Sat,Bowling Green State,34,,Toledo,23,
241,6,Oct 2 1999,Sat,Central Florida,31,,Eastern Illinois,21,
242,6,Oct 2 1999,Sat,Clemson,31,,North Carolina,20,
243,6,Oct 2 1999,Sat,Colorado State,46,,New Mexico State,7,
244,6,Oct 2 1999,Sat,(19) East Carolina,33,@,Army,14,
245,6,Oct 2 1999,Sat,(1) Florida State,51,,Duke,23,Jacksonville FL
246,6,Oct 2 1999,Sat,Fresno State,26,,Texas Christian,19,
247,6,Oct 2 1999,Sat,(10) Georgia,23,,Louisiana State,22,
248,6,Oct 2 1999,Sat,Hawaii,33,,Texas-El Paso,3,
249,6,Oct 2 1999,Sat,Indiana,34,,Illinois,31,
250,6,Oct 2 1999,Sat,Kansas,27,,Southern Methodist,9,
251,6,Oct 2 1999,Sat,(13) Kansas State,35,@,(15) Texas,17,
252,6,Oct 2 1999,Sat,Kentucky,31,,(20) Arkansas,20,
253,6,Oct 2 1999,Sat,Louisiana Tech,41,@,Louisiana-Lafayette,31,
254,6,Oct 2 1999,Sat,Louisville,45,,Eastern Michigan,10,
255,6,Oct 2 1999,Sat,(17) Marshall,32,@,Miami (OH),14,
256,6,Oct 2 1999,Sat,(4) Michigan,38,,(11) Purdue,12,
257,6,Oct 2 1999,Sat,(14) Michigan State,49,,Iowa,3,
258,6,Oct 2 1999,Sat,Minnesota,33,@,Northwestern,14,
259,6,Oct 2 1999,Sat,Mississippi,36,@,South Carolina,10,
260,6,Oct 2 1999,Sat,(16) Mississippi State,42,@,Vanderbilt,14,
261,6,Oct 2 1999,Sat,Missouri,27,@,Memphis,17,
262,6,Oct 2 1999,Sat,Navy,31,@,West Virginia,28,
263,6,Oct 2 1999,Sat,(6) Nebraska,38,,Oklahoma State,14,
264,6,Oct 2 1999,Sat,Nevada,26,,Nevada-Las Vegas,12,
265,6,Oct 2 1999,Sat,Northern Illinois,45,@,Buffalo,21,
266,6,Oct 2 1999,Sat,Notre Dame,34,,(23) Oklahoma,30,
267,6,Oct 2 1999,Sat,Ohio,31,,Kent State,3,
268,6,Oct 2 1999,Sat,Pittsburgh,55,,Temple,24,
269,6,Oct 2 1999,Sat,Rice,20,@,Tulsa,10,
270,6,Oct 2 1999,Sat,San Jose State,44,@,Stanford,39,
271,6,Oct 2 1999,Sat,Southern California,37,,Oregon State,29,
272,6,Oct 2 1999,Sat,(22) Syracuse,47,,Tulane,17,
273,6,Oct 2 1999,Sat,(7) Tennessee,24,,Auburn,0,
274,6,Oct 2 1999,Sat,Texas Tech,21,,(5) Texas A&M,19,
275,6,Oct 2 1999,Sat,Troy,48,@,Middle Tennessee State,31,
276,6,Oct 2 1999,Sat,(8) Virginia Tech,31,@,(24) Virginia,7,
277,6,Oct 2 1999,Sat,Wake Forest,17,,Rutgers,10,
278,6,Oct 2 1999,Sat,Washington,34,,(25) Oregon,20,
279,6,Oct 2 1999,Sat,Washington State,31,,California,7,
280,6,Oct 2 1999,Sat,Western Michigan,38,,Central Michigan,16,
281,6,Oct 2 1999,Sat,Wisconsin,42,@,(12) Ohio State,17,
282,6,Oct 2 1999,Sat,Wyoming,28,,Idaho,13,
Rk,Wk,Date,Day,Winner/Tie,Pts,,Loser/Tie,Pts,Notes
283,7,Oct 7 1999,Thu,Army,59,,Louisville,52,
284,7,Oct 7 1999,Thu,(18) Syracuse,24,@,Pittsburgh,17,
285,7,Oct 9 1999,Sat,Air Force,19,@,Navy,14,Landover MD
286,7,Oct 9 1999,Sat,Akron,41,,Ohio,28,
287,7,Oct 9 1999,Sat,Arizona,31,,(22) Southern California,24,
288,7,Oct 9 1999,Sat,Arkansas,58,,Middle Tennessee State,6,
289,7,Oct 9 1999,Sat,Boise State,41,,Eastern Washington,7,
290,7,Oct 9 1999,Sat,(24) Brigham Young,38,,California,28,
291,7,Oct 9 1999,Sat,Central Michigan,38,@,Buffalo,19,
292,7,Oct 9 1999,Sat,Colorado,46,,Missouri,39,
293,7,Oct 9 1999,Sat,Duke,24,@,Virginia,17,
294,7,Oct 9 1999,Sat,(8) Florida,31,@,Louisiana State,10,
295,7,Oct 9 1999,Sat,(1) Florida State,31,,(19) Miami (FL),21,
296,7,Oct 9 1999,Sat,Fresno State,44,,Colorado State,13,
297,7,Oct 9 1999,Sat,(7) Georgia Tech,31,,North Carolina,24,
298,7,Oct 9 1999,Sat,Houston,23,,Cincinnati,20,
299,7,Oct 9 1999,Sat,Idaho,28,,North Texas,10,Pullman WA
300,7,Oct 9 1999,Sat,Indiana,34,,Northwestern,17,
301,7,Oct 9 1999,Sat,(9) Kansas State,50,,Kansas,9,
302,7,Oct 9 1999,Sat,Kentucky,30,@,South Carolina,10,
303,7,Oct 9 1999,Sat,Maryland,17,@,Wake Forest,14,
304,7,Oct 9 1999,Sat,Memphis,38,@,Alabama-Birmingham,14,
305,7,Oct 9 1999,Sat,Miami (OH),45,@,Bowling Green State,31,
306,7,Oct 9 1999,Sat,(11) Michigan State,34,,(3) Michigan,31,
307,7,Oct 9 1999,Sat,Mississippi,20,,Tulane,13,
308,7,Oct 9 1999,Sat,(14) Mississippi State,18,@,Auburn,16,
309,7,Oct 9 1999,Sat,(4) Nebraska,49,,Iowa State,14,
310,7,Oct 9 1999,Sat,Nevada,23,@,New Mexico State,16,
311,7,Oct 9 1999,Sat,Nevada-Las Vegas,35,@,Wyoming,32,
312,7,Oct 9 1999,Sat,New Mexico,24,@,San Diego State,21,
313,7,Oct 9 1999,Sat,North Carolina State,35,,Clemson,31,
314,7,Oct 9 1999,Sat,Northern Illinois,37,,Ball State,17,
315,7,Oct 9 1999,Sat,Notre Dame,48,,Arizona State,17,
316,7,Oct 9 1999,Sat,(21) Ohio State,25,,(17) Purdue,22,
317,7,Oct 9 1999,Sat,Oklahoma State,41,,Texas Tech,21,
318,7,Oct 9 1999,Sat,(2) Penn State,31,@,Iowa,7,
319,7,Oct 9 1999,Sat,Rice,38,@,Hawaii,19,
320,7,Oct 9 1999,Sat,Southern Mississippi,39,@,(16) East Carolina,22,
321,7,Oct 9 1999,Sat,Temple,24,,Boston College,14,
322,7,Oct 9 1999,Sat,(6) Tennessee,37,,(10) Georgia,20,
323,7,Oct 9 1999,Sat,(23) Texas,38,,Oklahoma,28,Dallas TX
324,7,Oct 9 1999,Sat,(13) Texas A&M,45,,Baylor,13,
325,7,Oct 9 1999,Sat,Texas Christian,42,,San Jose State,0,
326,7,Oct 9 1999,Sat,Texas-El Paso,42,,Southern Methodist,28,
327,7,Oct 9 1999,Sat,Toledo,47,,Kent State,7,
328,7,Oct 9 1999,Sat,UCLA,34,,Oregon,29,
329,7,Oct 9 1999,Sat,Utah,42,,Louisiana-Monroe,0,
330,7,Oct 9 1999,Sat,Utah State,20,,Arkansas State,14,
331,7,Oct 9 1999,Sat,Vanderbilt,58,,Citadel,0,
332,7,Oct 9 1999,Sat,(5) Virginia Tech,58,@,Rutgers,20,
333,7,Oct 9 1999,Sat,Washington,47,@,Oregon State,21,
334,7,Oct 9 1999,Sat,Washington State,44,,Louisiana-Lafayette,0,
335,7,Oct 9 1999,Sat,Western Michigan,40,@,Eastern Michigan,37,
336,7,Oct 9 1999,Sat,(20) Wisconsin,20,@,(25) Minnesota,17,
Rk,Wk,Date,Day,Winner/Tie,Pts,,Loser/Tie,Pts,Notes
337,8,Oct 14 1999,Thu,(15) Marshall,38,,Toledo,13,
338,8,Oct 14 1999,Thu,Southern Methodist,24,,Fresno State,14,
339,8,Oct 16 1999,Sat,Akron,55,,Bowling Green State,25,
340,8,Oct 16 1999,Sat,(11) Alabama,30,@,(22) Mississippi,24,
341,8,Oct 16 1999,Sat,Alabama-Birmingham,24,@,Cincinnati,21,
342,8,Oct 16 1999,Sat,Arizona,34,,Texas-El Paso,21,
343,8,Oct 16 1999,Sat,Arizona State,28,@,Washington,7,
344,8,Oct 16 1999,Sat,Arkansas,48,,South Carolina,14,Little Rock AR
345,8,Oct 16 1999,Sat,Boston College,20,,Pittsburgh,16,
346,8,Oct 16 1999,Sat,(21) Brigham Young,31,@,New Mexico,7,
347,8,Oct 16 1999,Sat,California,17,@,UCLA,0,
348,8,Oct 16 1999,Sat,Central Florida,28,,Nicholls State,0,
349,8,Oct 16 1999,Sat,Clemson,42,@,Maryland,30,
350,8,Oct 16 1999,Sat,Eastern Michigan,27,,Ohio,26,
351,8,Oct 16 1999,Sat,(7) Florida,32,@,Auburn,14,
352,8,Oct 16 1999,Sat,(1) Florida State,33,,Wake Forest,10,
353,8,Oct 16 1999,Sat,(14) Georgia,27,@,Vanderbilt,17,
354,8,Oct 16 1999,Sat,(8) Georgia Tech,38,@,Duke,31,
355,8,Oct 16 1999,Sat,Houston,20,@,North Carolina,12,
356,8,Oct 16 1999,Sat,Idaho,30,@,Arkansas State,24,
357,8,Oct 16 1999,Sat,Iowa State,24,@,Missouri,21,
358,8,Oct 16 1999,Sat,(9) Kansas State,40,,Utah State,0,
359,8,Oct 16 1999,Sat,Kentucky,31,,Louisiana State,5,
360,8,Oct 16 1999,Sat,Louisiana Tech,42,,Middle Tennessee State,18,
361,8,Oct 16 1999,Sat,Louisville,32,@,Memphis,31,
362,8,Oct 16 1999,Sat,Miami (OH),17,@,Kent State,10,
363,8,Oct 16 1999,Sat,Minnesota,37,@,Illinois,7,
364,8,Oct 16 1999,Sat,North Texas,17,,Boise State,10,
365,8,Oct 16 1999,Sat,Northern Illinois,31,@,Central Michigan,27,
366,8,Oct 16 1999,Sat,Northwestern,23,,Iowa,21,
367,8,Oct 16 1999,Sat,Notre Dame,25,,Southern California,24,
368,8,Oct 16 1999,Sat,(2) Penn State,23,,(18) Ohio State,10,
369,8,Oct 16 1999,Sat,(20) Purdue,52,,(5) Michigan State,28,
370,8,Oct 16 1999,Sat,Rice,49,,San Jose State,7,
371,8,Oct 16 1999,Sat,San Diego State,17,@,Colorado State,10,
372,8,Oct 16 1999,Sat,(25) Southern Mississippi,24,,Army,0,
373,8,Oct 16 1999,Sat,Stanford,21,,Oregon State,17,
374,8,Oct 16 1999,Sat,(13) Texas A&M,34,,Kansas,17,
375,8,Oct 16 1999,Sat,Texas Christian,56,,Tulsa,17,
376,8,Oct 16 1999,Sat,Texas Tech,31,,Colorado,10,
377,8,Oct 16 1999,Sat,Tulane,48,,Louisiana-Lafayette,32,
378,8,Oct 16 1999,Sat,Utah,21,@,Air Force,15,
379,8,Oct 16 1999,Sat,Virginia,47,@,North Carolina State,26,
380,8,Oct 16 1999,Sat,(4) Virginia Tech,62,,(16) Syracuse,0,
381,8,Oct 16 1999,Sat,West Virginia,62,,Rutgers,16,
382,8,Oct 16 1999,Sat,Western Michigan,45,,Buffalo,17,
383,8,Oct 16 1999,Sat,(17) Wisconsin,59,,Indiana,0,
384,8,Oct 16 1999,Sat,Wyoming,38,@,Louisiana-Monroe,20,
Rk,Wk,Date,Day,Winner/Tie,Pts,,Loser/Tie,Pts,Notes
385,9,Oct 23 1999,Sat,Akron,35,@,Navy,29,
386,9,Oct 23 1999,Sat,Arizona State,33,,Washington State,21,
387,9,Oct 23 1999,Sat,Arkansas State,14,@,North Texas,10,
388,9,Oct 23 1999,Sat,Army,35,,New Mexico State,18,
389,9,Oct 23 1999,Sat,Boise State,52,,Nevada,17,
390,9,Oct 23 1999,Sat,(19) Brigham Young,29,@,Nevada-Las Vegas,0,
391,9,Oct 23 1999,Sat,Colorado,16,@,Iowa State,12,
392,9,Oct 23 1999,Sat,Colorado State,24,@,Wyoming,13,
393,9,Oct 23 1999,Sat,(20) East Carolina,52,,Tulane,7,
394,9,Oct 23 1999,Sat,Eastern Michigan,20,@,Toledo,13,
395,9,Oct 23 1999,Sat,(1) Florida State,17,@,Clemson,14,
396,9,Oct 23 1999,Sat,Fresno State,24,,Texas-El Paso,23,
397,9,Oct 23 1999,Sat,(14) Georgia,49,,Kentucky,34,
398,9,Oct 23 1999,Sat,Hawaii,35,@,Tulsa,21,
399,9,Oct 23 1999,Sat,Idaho,31,,Utah State,3,Pullman WA
400,9,Oct 23 1999,Sat,Illinois,35,@,(9) Michigan,29,
401,9,Oct 23 1999,Sat,Indiana,38,@,Iowa,31,
402,9,Oct 23 1999,Sat,Kansas,21,,Missouri,0,
403,9,Oct 23 1999,Sat,(7) Kansas State,44,@,Oklahoma State,21,
404,9,Oct 23 1999,Sat,Louisiana Tech,46,@,Central Florida,35,
405,9,Oct 23 1999,Sat,Louisiana-Monroe,31,@,Louisiana-Lafayette,7,
406,9,Oct 23 1999,Sat,Louisville,39,,Houston,33,
407,9,Oct 23 1999,Sat,(15) Marshall,59,@,Buffalo,3,
408,9,Oct 23 1999,Sat,Maryland,45,,North Carolina,7,
409,9,Oct 23 1999,Sat,(23) Miami (FL),31,@,Boston College,28,
410,9,Oct 23 1999,Sat,(12) Mississippi State,17,,Louisiana State,16,
411,9,Oct 23 1999,Sat,North Carolina State,31,@,Duke,24,
412,9,Oct 23 1999,Sat,Northern Illinois,50,,Kent State,7,
413,9,Oct 23 1999,Sat,Ohio,17,,Bowling Green State,14,
414,9,Oct 23 1999,Sat,(22) Ohio State,20,@,(24) Minnesota,17,
415,9,Oct 23 1999,Sat,Oklahoma,51,,(13) Texas A&M,6,
416,9,Oct 23 1999,Sat,Oregon,44,@,Arizona,41,
417,9,Oct 23 1999,Sat,Oregon State,55,,UCLA,7,
418,9,Oct 23 1999,Sat,(2) Penn State,31,@,(16) Purdue,25,
419,9,Oct 23 1999,Sat,Pittsburgh,38,@,Rutgers,15,
420,9,Oct 23 1999,Sat,Rice,42,,Texas Christian,21,
421,9,Oct 23 1999,Sat,(21) Southern Mississippi,28,,Cincinnati,20,
422,9,Oct 23 1999,Sat,Stanford,35,@,Southern California,31,
423,9,Oct 23 1999,Sat,(5) Tennessee,21,@,(10) Alabama,7,
424,9,Oct 23 1999,Sat,(18) Texas,24,,(3) Nebraska,20,
425,9,Oct 23 1999,Sat,Texas Tech,35,@,Baylor,7,
426,9,Oct 23 1999,Sat,Utah,38,,San Diego State,16,
427,9,Oct 23 1999,Sat,Vanderbilt,11,@,South Carolina,10,
428,9,Oct 23 1999,Sat,Wake Forest,47,,Alabama-Birmingham,3,
429,9,Oct 23 1999,Sat,Washington,31,@,California,27,
430,9,Oct 23 1999,Sat,West Virginia,20,,Temple,17,
431,9,Oct 23 1999,Sat,Western Michigan,28,,Ball State,0,
432,9,Oct 23 1999,Sat,(17) Wisconsin,40,,(11) Michigan State,10,
Rk,Wk,Date,Day,Winner/Tie,Pts,,Loser/Tie,Pts,Notes
433,10,Oct 28 1999,Thu,Colorado State,31,,Utah,24,
434,10,Oct 30 1999,Sat,(14) Alabama,35,,(20) Southern Mississippi,14,
435,10,Oct 30 1999,Sat,Arizona,33,@,UCLA,7,
436,10,Oct 30 1999,Sat,Arkansas,34,,Auburn,10,
437,10,Oct 30 1999,Sat,Arkansas State,31,,Louisiana-Lafayette,27,
438,10,Oct 30 1999,Sat,Boise State,33,@,Utah State,27,
439,10,Oct 30 1999,Sat,Boston College,24,@,Syracuse,23,
440,10,Oct 30 1999,Sat,Bowling Green State,31,,Central Michigan,7,
441,10,Oct 30 1999,Sat,(16) Brigham Young,27,,Air Force,20,
442,10,Oct 30 1999,Sat,California,17,,Southern California,7,
443,10,Oct 30 1999,Sat,Central Florida,31,,Eastern Michigan,6,
444,10,Oct 30 1999,Sat,Cincinnati,52,@,Miami (OH),42,
445,10,Oct 30 1999,Sat,Clemson,12,@,Wake Forest,3,
446,10,Oct 30 1999,Sat,Colorado,38,,(24) Oklahoma,24,
447,10,Oct 30 1999,Sat,Duke,25,@,Maryland,22,
448,10,Oct 30 1999,Sat,(17) East Carolina,19,@,Houston,3,
449,10,Oct 30 1999,Sat,(5) Florida,30,,(10) Georgia,14,Jacksonville FL
450,10,Oct 30 1999,Sat,(1) Florida State,35,@,Virginia,10,
451,10,Oct 30 1999,Sat,Fresno State,28,@,Tulsa,14,
452,10,Oct 30 1999,Sat,Furman,28,@,North Carolina,3,
453,10,Oct 30 1999,Sat,(7) Georgia Tech,48,,North Carolina State,21,
454,10,Oct 30 1999,Sat,(6) Kansas State,48,,Baylor,7,
455,10,Oct 30 1999,Sat,Kent State,41,,Buffalo,20,
456,10,Oct 30 1999,Sat,Louisiana Tech,34,@,Toledo,17,
457,10,Oct 30 1999,Sat,Louisiana-Monroe,10,,Middle Tennessee State,0,
458,10,Oct 30 1999,Sat,Louisville,23,,Alabama-Birmingham,14,
459,10,Oct 30 1999,Sat,(13) Marshall,41,,Northern Illinois,9,
460,10,Oct 30 1999,Sat,Memphis,49,@,Tulane,7,
461,10,Oct 30 1999,Sat,(23) Miami (FL),28,,West Virginia,20,
462,10,Oct 30 1999,Sat,(15) Michigan,34,@,Indiana,31,
463,10,Oct 30 1999,Sat,(25) Mississippi,42,@,Louisiana State,23,
464,10,Oct 30 1999,Sat,Missouri,34,,Texas Tech,7,
465,10,Oct 30 1999,Sat,(8) Nebraska,24,@,Kansas,17,
466,10,Oct 30 1999,Sat,Nevada,41,,North Texas,28,
467,10,Oct 30 1999,Sat,New Mexico,27,,Nevada-Las Vegas,6,
468,10,Oct 30 1999,Sat,New Mexico State,42,,Idaho,14,
469,10,Oct 30 1999,Sat,Notre Dame,28,,Navy,24,
470,10,Oct 30 1999,Sat,Ohio,37,@,Ball State,25,
471,10,Oct 30 1999,Sat,(21) Ohio State,41,,Iowa,11,
472,10,Oct 30 1999,Sat,Oregon,20,,Arizona State,17,
473,10,Oct 30 1999,Sat,Oregon State,27,@,Washington State,13,
474,10,Oct 30 1999,Sat,(2) Penn State,27,@,Illinois,7,
475,10,Oct 30 1999,Sat,(18) Purdue,33,@,Minnesota,28,
476,10,Oct 30 1999,Sat,Southern Methodist,27,,Rice,2,
477,10,Oct 30 1999,Sat,Temple,56,,Rutgers,28,
478,10,Oct 30 1999,Sat,(4) Tennessee,30,,South Carolina,7,
479,10,Oct 30 1999,Sat,(12) Texas,44,@,Iowa State,41,
480,10,Oct 30 1999,Sat,(22) Texas A&M,21,,Oklahoma State,3,
481,10,Oct 30 1999,Sat,Texas Christian,34,@,Hawaii,14,
482,10,Oct 30 1999,Sat,Texas-El Paso,42,,San Jose State,26,
483,10,Oct 30 1999,Sat,(3) Virginia Tech,30,@,Pittsburgh,17,
484,10,Oct 30 1999,Sat,Washington,35,,Stanford,30,
485,10,Oct 30 1999,Sat,Western Michigan,24,@,Akron,10,
486,10,Oct 30 1999,Sat,(11) Wisconsin,35,@,Northwestern,19,
Rk,Wk,Date,Day,Winner/Tie,Pts,,Loser/Tie,Pts,Notes
487,11,Nov 4 1999,Thu,(8) Mississippi State,23,,Kentucky,22,
488,11,Nov 6 1999,Sat,Air Force,28,,Army,0,
489,11,Nov 6 1999,Sat,(12) Alabama,23,,Louisiana State,17,
490,11,Nov 6 1999,Sat,Alabama-Birmingham,36,,(18) East Carolina,17,
491,11,Nov 6 1999,Sat,Arizona State,26,@,Southern California,16,
492,11,Nov 6 1999,Sat,Auburn,28,,Central Florida,10,
493,11,Nov 6 1999,Sat,Boise State,63,,Arkansas State,10,
494,11,Nov 6 1999,Sat,(15) Brigham Young,30,@,San Diego State,7,
495,11,Nov 6 1999,Sat,Clemson,58,,Duke,7,
496,11,Nov 6 1999,Sat,Colorado State,36,@,New Mexico,22,
497,11,Nov 6 1999,Sat,Eastern Michigan,31,,Ball State,21,
498,11,Nov 6 1999,Sat,(5) Florida,13,,Vanderbilt,6,
499,11,Nov 6 1999,Sat,Fresno State,47,,Rice,18,
500,11,Nov 6 1999,Sat,Hawaii,62,@,San Jose State,41,
501,11,Nov 6 1999,Sat,Hofstra,20,@,Buffalo,13,
502,11,Nov 6 1999,Sat,Houston,36,,Tulane,31,
503,11,Nov 6 1999,Sat,Idaho,42,@,Nevada,33,
504,11,Nov 6 1999,Sat,Illinois,40,@,Iowa,24,
505,11,Nov 6 1999,Sat,Kansas,45,,Baylor,10,
506,11,Nov 6 1999,Sat,(6) Kansas State,20,,Colorado,14,
507,11,Nov 6 1999,Sat,Louisiana Tech,58,,Louisiana-Monroe,17,
508,11,Nov 6 1999,Sat,Louisville,23,@,Cincinnati,13,
509,11,Nov 6 1999,Sat,(13) Marshall,28,@,Kent State,16,
510,11,Nov 6 1999,Sat,(22) Miami (FL),33,@,Pittsburgh,3,
511,11,Nov 6 1999,Sat,Miami (OH),32,,Akron,23,
512,11,Nov 6 1999,Sat,(16) Michigan,37,,Northwestern,3,
513,11,Nov 6 1999,Sat,(19) Michigan State,23,,(20) Ohio State,7,
514,11,Nov 6 1999,Sat,Middle Tennessee State,70,,Tennessee-Martin,14,
515,11,Nov 6 1999,Sat,Minnesota,24,@,(2) Penn State,23,
516,11,Nov 6 1999,Sat,(23) Mississippi,38,,Arkansas,16,
517,11,Nov 6 1999,Sat,Navy,34,@,Rutgers,7,
518,11,Nov 6 1999,Sat,(9) Nebraska,37,,(21) Texas A&M,0,
519,11,Nov 6 1999,Sat,New Mexico State,14,@,Utah State,6,
520,11,Nov 6 1999,Sat,North Carolina State,30,,Maryland,17,
521,11,Nov 6 1999,Sat,Oklahoma,37,,Missouri,0,
522,11,Nov 6 1999,Sat,Oregon,52,,Washington State,10,
523,11,Nov 6 1999,Sat,Oregon State,17,,California,7,
524,11,Nov 6 1999,Sat,(25) Southern Mississippi,20,@,Memphis,5,
525,11,Nov 6 1999,Sat,Syracuse,27,,Temple,10,
526,11,Nov 6 1999,Sat,(4) Tennessee,38,,(24) Notre Dame,14,
527,11,Nov 6 1999,Sat,(11) Texas,34,@,Oklahoma State,21,
528,11,Nov 6 1999,Sat,Texas Tech,28,,Iowa State,16,
529,11,Nov 6 1999,Sat,Toledo,32,@,Central Michigan,13,
530,11,Nov 6 1999,Sat,Tulsa,43,@,Texas-El Paso,19,
531,11,Nov 6 1999,Sat,Virginia,45,,(7) Georgia Tech,38,
532,11,Nov 6 1999,Sat,(3) Virginia Tech,22,@,West Virginia,20,
533,11,Nov 6 1999,Sat,Wake Forest,19,@,North Carolina,3,
534,11,Nov 6 1999,Sat,Washington,33,@,Arizona,25,
535,11,Nov 6 1999,Sat,(10) Wisconsin,28,@,(17) Purdue,21,
536,11,Nov 6 1999,Sat,Wyoming,43,@,Utah,29,
Rk,Wk,Date,Day,Winner/Tie,Pts,,Loser/Tie,Pts,Notes
537,12,Nov 11 1999,Thu,North Carolina,10,,North Carolina State,6,Charlotte NC
538,12,Nov 13 1999,Sat,Air Force,35,,Nevada-Las Vegas,16,
539,12,Nov 13 1999,Sat,Akron,37,,Kent State,34,
540,12,Nov 13 1999,Sat,(11) Alabama,19,,(8) Mississippi State,7,
541,12,Nov 13 1999,Sat,Arkansas,28,,(3) Tennessee,24,
542,12,Nov 13 1999,Sat,Arkansas State,44,,Nevada,28,
543,12,Nov 13 1999,Sat,Auburn,38,@,(14) Georgia,21,
544,12,Nov 13 1999,Sat,Boise State,45,,New Mexico State,26,
545,12,Nov 13 1999,Sat,Boston College,34,,West Virginia,17,
546,12,Nov 13 1999,Sat,Bowling Green State,35,,Ball State,14,
547,12,Nov 13 1999,Sat,Central Florida,39,@,Middle Tennessee State,14,
548,12,Nov 13 1999,Sat,Central Michigan,29,,Eastern Michigan,26,
549,12,Nov 13 1999,Sat,Colorado,37,@,Baylor,0,
550,12,Nov 13 1999,Sat,Duke,48,,Wake Forest,35,
551,12,Nov 13 1999,Sat,(24) East Carolina,48,,Cincinnati,34,
552,12,Nov 13 1999,Sat,(4) Florida,20,@,South Carolina,3,
553,12,Nov 13 1999,Sat,(1) Florida State,49,,Maryland,10,
554,12,Nov 13 1999,Sat,(13) Georgia Tech,45,,Clemson,42,
555,12,Nov 13 1999,Sat,Hawaii,31,,Fresno State,24,
556,12,Nov 13 1999,Sat,Houston,20,@,Louisiana State,7,
557,12,Nov 13 1999,Sat,Idaho,33,@,Montana,30,
558,12,Nov 13 1999,Sat,Illinois,46,@,(25) Ohio State,20,
559,12,Nov 13 1999,Sat,Kentucky,19,@,Vanderbilt,17,
560,12,Nov 13 1999,Sat,Louisiana Tech,41,@,Alabama-Birmingham,20,
561,12,Nov 13 1999,Sat,Louisiana-Monroe,37,@,Tulsa,34,
562,12,Nov 13 1999,Sat,(12) Marshall,31,@,Western Michigan,17,
563,12,Nov 13 1999,Sat,Memphis,14,,Army,10,
564,12,Nov 13 1999,Sat,(16) Michigan,31,@,(6) Penn State,27,
565,12,Nov 13 1999,Sat,(17) Michigan State,34,@,Northwestern,0,
566,12,Nov 13 1999,Sat,(20) Minnesota,44,,Indiana,20,
567,12,Nov 13 1999,Sat,Navy,45,,Tulane,21,
568,12,Nov 13 1999,Sat,(7) Nebraska,41,,(5) Kansas State,15,
569,12,Nov 13 1999,Sat,Ohio,40,,Miami (OH),28,
570,12,Nov 13 1999,Sat,Oklahoma,31,@,Iowa State,10,
571,12,Nov 13 1999,Sat,Oklahoma State,45,,Kansas,13,
572,12,Nov 13 1999,Sat,Oregon,24,@,California,19,
573,12,Nov 13 1999,Sat,Oregon State,28,,Arizona,20,
574,12,Nov 13 1999,Sat,Pittsburgh,37,,Notre Dame,27,
575,12,Nov 13 1999,Sat,Rutgers,24,,Syracuse,21,
576,12,Nov 13 1999,Sat,Southern California,31,@,Washington State,28,
577,12,Nov 13 1999,Sat,Southern Methodist,58,,Cal State Northridge,16,
578,12,Nov 13 1999,Sat,(21) Southern Mississippi,48,,Louisiana-Lafayette,0,
579,12,Nov 13 1999,Sat,Stanford,50,@,Arizona State,30,
580,12,Nov 13 1999,Sat,(10) Texas,58,,Texas Tech,7,
581,12,Nov 13 1999,Sat,Texas A&M,51,@,Missouri,14,
582,12,Nov 13 1999,Sat,Texas Christian,27,,North Texas,3,
583,12,Nov 13 1999,Sat,Texas-El Paso,30,@,Rice,29,
584,12,Nov 13 1999,Sat,Toledo,44,,Northern Illinois,14,
585,12,Nov 13 1999,Sat,UCLA,23,,(23) Washington,20,
586,12,Nov 13 1999,Sat,Utah,52,,New Mexico,7,
587,12,Nov 13 1999,Sat,Virginia,50,,Buffalo,21,
588,12,Nov 13 1999,Sat,(2) Virginia Tech,43,,(19) Miami (FL),10,
589,12,Nov 13 1999,Sat,(9) Wisconsin,41,,Iowa,3,
590,12,Nov 13 1999,Sat,Wyoming,31,,(15) Brigham Young,17,
Rk,Wk,Date,Day,Winner/Tie,Pts,,Loser/Tie,Pts,Notes
591,13,Nov 18 1999,Thu,Colorado State,41,,Air Force,21,
592,13,Nov 20 1999,Sat,(8) Alabama,28,@,Auburn,17,
593,13,Nov 20 1999,Sat,Alabama-Birmingham,23,@,Tulane,20,
594,13,Nov 20 1999,Sat,(22) Arkansas,14,,(12) Mississippi State,9,Little Rock AR
595,13,Nov 20 1999,Sat,Boise State,45,@,Idaho,14,Pullman WA
596,13,Nov 20 1999,Sat,(25) Boston College,31,@,Notre Dame,29,
597,13,Nov 20 1999,Sat,Bowling Green State,33,@,Central Florida,30,
598,13,Nov 20 1999,Sat,Central Michigan,27,@,Ball State,21,
599,13,Nov 20 1999,Sat,Clemson,31,@,South Carolina,21,
600,13,Nov 20 1999,Sat,(23) East Carolina,23,,North Carolina State,6,
601,13,Nov 20 1999,Sat,(1) Florida State,30,@,(3) Florida,23,
602,13,Nov 20 1999,Sat,Fresno State,63,,San Jose State,12,
603,13,Nov 20 1999,Sat,(21) Georgia,20,@,(16) Mississippi,17,
604,13,Nov 20 1999,Sat,Hawaii,48,,Navy,41,
605,13,Nov 20 1999,Sat,Houston,26,@,Army,14,
606,13,Nov 20 1999,Sat,Illinois,29,,Northwestern,7,
607,13,Nov 20 1999,Sat,Kansas,31,,Iowa State,28,
608,13,Nov 20 1999,Sat,(9) Kansas State,66,,Missouri,0,
609,13,Nov 20 1999,Sat,Louisiana-Lafayette,37,,Wofford,34,
610,13,Nov 20 1999,Sat,Memphis,21,@,Cincinnati,13,
611,13,Nov 20 1999,Sat,Miami (FL),55,,Rutgers,0,
612,13,Nov 20 1999,Sat,Miami (OH),43,,Buffalo,0,
613,13,Nov 20 1999,Sat,(10) Michigan,24,,Ohio State,17,
614,13,Nov 20 1999,Sat,(15) Michigan State,35,,(13) Penn State,28,
615,13,Nov 20 1999,Sat,Middle Tennessee State,24,,East Tennessee State,7,
616,13,Nov 20 1999,Sat,(17) Minnesota,25,@,Iowa,21,
617,13,Nov 20 1999,Sat,New Mexico State,22,,North Texas,9,
618,13,Nov 20 1999,Sat,North Carolina,38,,Duke,0,
619,13,Nov 20 1999,Sat,Northern Illinois,30,,Eastern Michigan,23,
620,13,Nov 20 1999,Sat,Oklahoma State,34,@,Baylor,14,
621,13,Nov 20 1999,Sat,Oregon,25,,Oregon State,14,
622,13,Nov 20 1999,Sat,(19) Purdue,30,@,Indiana,24,
623,13,Nov 20 1999,Sat,San Diego State,37,@,Nevada-Las Vegas,7,
624,13,Nov 20 1999,Sat,Southern California,17,,UCLA,7,
625,13,Nov 20 1999,Sat,Southern Methodist,28,@,Tulsa,14,
626,13,Nov 20 1999,Sat,(18) Southern Mississippi,30,@,Louisville,27,
627,13,Nov 20 1999,Sat,Stanford,31,,California,13,
628,13,Nov 20 1999,Sat,(7) Tennessee,56,@,Kentucky,21,
629,13,Nov 20 1999,Sat,Texas Christian,52,,Texas-El Paso,24,
630,13,Nov 20 1999,Sat,Texas Tech,38,,Oklahoma,28,
631,13,Nov 20 1999,Sat,Toledo,45,,Western Michigan,21,
632,13,Nov 20 1999,Sat,Utah,20,@,(19) Brigham Young,17,
633,13,Nov 20 1999,Sat,Utah State,37,@,Nevada,35,
634,13,Nov 20 1999,Sat,Virginia,34,@,Maryland,30,
635,13,Nov 20 1999,Sat,(2) Virginia Tech,62,@,Temple,7,
636,13,Nov 20 1999,Sat,Wake Forest,26,,(14) Georgia Tech,23,
637,13,Nov 20 1999,Sat,Washington,24,,Washington State,14,
638,13,Nov 20 1999,Sat,Wyoming,42,,New Mexico,28,
Rk,Wk,Date,Day,Winner/Tie,Pts,,Loser/Tie,Pts,Notes
639,14,Nov 25 1999,Thu,(18) Mississippi State,23,,(23) Mississippi,20,
640,14,Nov 26 1999,Fri,Louisiana State,35,,(17) Arkansas,10,
641,14,Nov 26 1999,Fri,(12) Marshall,34,,Ohio,3,
642,14,Nov 26 1999,Fri,(3) Nebraska,33,@,Colorado,30,
643,14,Nov 26 1999,Fri,Southern California,45,,(25) Louisiana Tech,19,
644,14,Nov 26 1999,Fri,(24) Texas A&M,20,,(7) Texas,16,
645,14,Nov 26 1999,Fri,Texas Christian,21,,Southern Methodist,0,
646,14,Nov 26 1999,Fri,(2) Virginia Tech,38,,(22) Boston College,14,
647,14,Nov 27 1999,Sat,Arizona State,42,,Arizona,27,
648,14,Nov 27 1999,Sat,Colorado State,35,@,Nevada-Las Vegas,17,
649,14,Nov 27 1999,Sat,(20) Georgia Tech,51,,(16) Georgia,48,
650,14,Nov 27 1999,Sat,Miami (FL),45,,Syracuse,13,
651,14,Nov 27 1999,Sat,New Mexico,33,,Air Force,28,
652,14,Nov 27 1999,Sat,Oklahoma,44,,Oklahoma State,7,
653,14,Nov 27 1999,Sat,San Diego State,39,,Wyoming,7,
654,14,Nov 27 1999,Sat,Stanford,40,,Notre Dame,37,
655,14,Nov 27 1999,Sat,(6) Tennessee,38,,Vanderbilt,10,
656,14,Nov 27 1999,Sat,Utah State,34,@,North Texas,7,
657,14,Nov 27 1999,Sat,Washington State,22,@,Hawaii,14,
658,14,Nov 27 1999,Sat,West Virginia,52,@,Pittsburgh,21,
Rk,Wk,Date,Day,Winner/Tie,Pts,,Loser/Tie,Pts,Notes
659,15,Dec 3 1999,Fri,(11) Marshall,34,,Western Michigan,30,MAC Championship (Huntington WV)
660,15,Dec 4 1999,Sat,(7) Alabama,34,,(5) Florida,7,SEC Championship (Atlanta GA)
661,15,Dec 4 1999,Sat,(23) Miami (FL),55,,Temple,0,
662,15,Dec 4 1999,Sat,Navy,19,,Army,9,Philadelphia PA
663,15,Dec 4 1999,Sat,(3) Nebraska,22,,(12) Texas,6,Big 12 Championship (San Antonio TX)
Rk,Wk,Date,Day,Winner/Tie,Pts,,Loser/Tie,Pts,Notes
664,16,Dec 18 1999,Sat,Utah,17,,Fresno State,16,Las Vegas Bowl (Las Vegas NV)
Rk,Wk,Date,Day,Winner/Tie,Pts,,Loser/Tie,Pts,Notes
665,17,Dec 22 1999,Wed,Texas Christian,28,,(20) East Carolina,14,Mobile Alabama Bowl (Mobile AL)
666,17,Dec 25 1999,Sat,Hawaii,23,,Oregon State,17,Oahu Classic (Honolulu HI)
667,17,Dec 25 1999,Sat,Wake Forest,23,,Arizona State,3,Aloha Classic (Honolulu HI)
668,17,Dec 27 1999,Mon,(11) Marshall,21,,Brigham Young,3,Motor City Bowl (Pontiac MI)
Rk,Wk,Date,Day,Winner/Tie,Pts,,Loser/Tie,Pts,Notes
669,18,Dec 28 1999,Tue,(13) Penn State,24,,(18) Texas A&M,0,Alamo Bowl (San Antonio TX)
670,18,Dec 29 1999,Wed,(7) Kansas State,24,,Washington,20,Holiday Bowl (San Diego CA)
671,18,Dec 29 1999,Wed,Syracuse,20,,Kentucky,13,Music City Bowl (Nashville TN)
672,18,Dec 30 1999,Thu,Boise State,34,,Louisville,31,Humanitarian Bowl (Boise ID)
673,18,Dec 30 1999,Thu,Illinois,63,,Virginia,21,Micron PC Bowl (Miami FL)
674,18,Dec 30 1999,Thu,(15) Mississippi State,17,,Clemson,7,Peach Bowl (Atlanta GA)
675,18,Dec 31 1999,Fri,Colorado,62,,(25) Boston College,28,Insight Bowl (Tucson AZ)
676,18,Dec 31 1999,Fri,Mississippi,27,,Oklahoma,25,Independence Bowl (Shreveport LA)
677,18,Dec 31 1999,Fri,Oregon,24,,(12) Minnesota,20,Sun Bowl (El Paso TX)
678,18,Dec 31 1999,Fri,(16) Southern Mississippi,23,,Colorado State,17,Liberty Bowl (Memphis TN)
679,18,Jan 1 2000,Sat,(24) Arkansas,27,,(14) Texas,6,Cotton Bowl (Dallas TX)
680,18,Jan 1 2000,Sat,(21) Georgia,28,,(19) Purdue,25,Outback Bowl (Tampa FL)
681,18,Jan 1 2000,Sat,(23) Miami (FL),28,,(17) Georgia Tech,13,Gator Bowl (Jacksonville FL)
682,18,Jan 1 2000,Sat,(8) Michigan,35,,(5) Alabama,34,Orange Bowl (Miami FL)
683,18,Jan 1 2000,Sat,(9) Michigan State,37,,(10) Florida,34,Citrus Bowl (Orlando FL)
684,18,Jan 1 2000,Sat,(4) Wisconsin,17,,(22) Stanford,9,Rose Bowl (Pasadena CA)
685,18,Jan 2 2000,Sun,(3) Nebraska,31,,(6) Tennessee,21,Fiesta Bowl (Tempe AZ)
Rk,Wk,Date,Day,Winner/Tie,Pts,,Loser/Tie,Pts,Notes
686,19,Jan 4 2000,Tue,(1) Florida State,46,,(2) Virginia Tech,29,Sugar Bowl (New Orleans LA)
